{
	"pages": [ //pages数组中第一项表示应用启动页，参考：https://uniapp.dcloud.io/collocation/pages
		{
			"path": "pages/index/index",
			"style": {
				"navigationBarTitleText": "Symbol_Music"
			}
		},
		{
			"path": "pages/explore/explore",
			"style": {
				"navigationBarTitleText": "",
				"enablePullDownRefresh": false
			}
		},
		{
			"path": "pages/userCenter/userCenter",
			"style": {
				"navigationBarTitleText": "",
				"enablePullDownRefresh": false
			}
		},
		{
			"path": "pages/index/collectDetail",
			"style": {
				"navigationBarTitleText": "",
				"enablePullDownRefresh": false
			}

		}, {
			"path": "pages/index/musicPlay",
			"style": {
				"navigationBarTitleText": "",
				"enablePullDownRefresh": false
			}

		},
		{
			"path": "pages/index/controller/controller",
			"style": {
				"navigationBarTitleText": "",
				"enablePullDownRefresh": false
			}
		}, {
			"path": "pages/explore/artist/artist",
			"style": {
				"navigationBarTitleText": "",
				"enablePullDownRefresh": false
			}

		}, {
			"path": "pages/userCenter/login/login",
			"style": {
				"navigationBarTitleText": "",
				"enablePullDownRefresh": false
			}
		},
		{
			"path": "pages/userCenter/login/register",
			"style": {
				"navigationBarTitleText": "",
				"enablePullDownRefresh": false
			}
		}, {
			"path": "pages/userCenter/userCollect",
			"style": {
				"navigationBarTitleText": "",
				"enablePullDownRefresh": false
			}

		}
	    ,{
            "path" : "pages/userCenter/user/user",
            "style" :                                                                                    
            {
                "navigationBarTitleText": "",
                "enablePullDownRefresh": false
            }
            
        }
        ,{
            "path" : "pages/index/search",
            "style" :                                                                                    
            {
                "navigationBarTitleText": "",
                "enablePullDownRefresh": false
            }
            
        }
    ],
	"globalStyle": {
		"navigationBarTextStyle": "white",
		"navigationBarTitleText": "Travel",
		"navigationBarBackgroundColor": "#E60026",
		"backgroundColor": "#E60026",
		"enablePullDownRefresh": true,
		"backgroundTextStyle": "light"
	},
	"tabBar": {
		"color": "#707070",
		"selectedColor": "#E60026",
		"list": [{
				"text": "首页",
				"pagePath": "pages/index/index",
				"iconPath": "static/home.png",
				"selectedIconPath": "static/shome.png"
			},
			{
				"text": "发现",
				"pagePath": "pages/explore/explore",
				"iconPath": "static/explore.png",
				"selectedIconPath": "static/sexplore.png"
			},
			{
				"text": "我的",
				"pagePath": "pages/userCenter/userCenter",
				"iconPath": "static/user.png",
				"selectedIconPath": "static/suser.png"
			}
		]
	},
	"uniIdRouter": {}
}